Token,Frequency
avoid,78
bugs,78
using,540
modern,112
c++,1282
learning,34
computer,34
programming,124
terminology,34
class,45
generate,79
fibonacci,45
series,45
casting,67
safe,90
clearing,56
private,56
data,90
learned,56
vital,56
borland,179
coding,56
technique,112
could,56
learn,169
alone,56
sierpinski,78
triangle,78
fractal,145
easiest,145
way,191
produce,78
randomness,78
koch,67
one,67
algorithms,236
graphics,67
10,68
tips,68
productive,45
clion,45
crossplatform,45
cc++,102
ide,79
fibonacii,67
best,67
null,45
pointer,237
dereferencing,45
causes,45
undefined,45
behavior,45
android,67
kernel,67
lacking,67
modularity,67
design,124
pattern,79
state,45
simple,281
problem,45
semaphore,45
opengl,45
animation,45
glfw,45
step,90
split,224
string,202
declarations,45
prototypes,45
definitions,45
implementations,45
finding,34
skypes,34
default,34
account,34
name,34
virtual,45
method,101
table,45
accident,45
prevention,45
dynamically,34
sorting,169
keys,34
values,34
installing,34
configuring,34
visual,169
glut,34
send,45
sms,45
message,45
application,157
strings,281
obfuscation,34
system,180
google,79
docs,45
based,45
backup,45
topological,45
sort,45
part,181
algorithm,67
stdafxh,101
novices,45
auxiliarry,67
carry,67
parity,67
detector,67
element,90
project,90
v2,45
last,34
line,168
effect,34
isitqt,45
check,45
program,113
qtbased,45
version,123
qt,45
used,101
inline,101
functions,45
open,123
source,135
lightweight,67
cross,67
platform,67
log,67
library,67
log4z,279
powerball,167
lottery,167
simulator,167
revamped,89
turbo,56
31,56
code,293
example,90
list,124
box,56
making,90
plugin,56
502,56
print,56
preview,56
window,123
use,438
windows,124
authorization,56
memcache++,34
difference,68
compiler,34
stdvectors,56
dynamic,90
arrays,158
effective,56
keylogger,56
linked,180
lists,90
compiling,34
linking,34
helpful,56
function,157
registry,56
recursive,56
hanoy,56
tower,56
disch,34
write,34
variable,34
larger,34
1,124
byte,34
binary,102
files,68
console,416
game,338
ternary,79
search,68
develop,45
operating,45
big,34
calculator,112
gone,34
crazy,34
bmp,56
loader,56
grounded,45
pointers,314
snake,79
cpp,34
xistenials,56
tuts,56
classes,56
objects,90
lesson,56
v1,45
tictactoe,34
wade,34
unknown,34
waters,34
four,34
command,134
wip,67
genetic,67
recursion,67
tchar,67
beginners,101
guide,45
stdsort,45
port,78
scanner,78
v120,78
stable,78
publish,78
features,101
c99,45
tags,79
add,123
color,157
2,56
sqlite,56
wrapper,56
lzw,56
file,56
compressor,56
subnet,78
logger,45
v100,67
nonrecursive,45
traversal,45
ntrees,45
v090,67
brainfcktoc,34
translator,34
customizable,56
asteroids,56
make,135
caesar,45
cipher,45
animated,68
checkers,34
sfml,68
card,34
rummy,34
user,158
vs,79
pc,34
patterns,45
real,45
projects,45
rigsofrods,45
case,45
study,45
format,45
integers,45
commas,45
separator,45
chars,45
3,78
dfferent,78
ways,78
references,123
debugging,68
gdb,34
find,34
segfault,34
text,112
two,112
characters,112
dischs,34
tutorial,34
good,34
convert,56
numerical,56
amount,112
verbal,56
integer,45
overflow,45
hmenu,34
priorityqueue,45
c++11,101
new,124
variadic,56
templates,90
quantum,34
computing,34
static,34
analysis,34
pointerssimplified,45
cpluspluscom,34
codes,68
input,146
correction,56
password,158
creator,68
c,79
hex,34
viewer,34
winapi,68
win32,34
multifunction,34
stopwatch,34
rot13,45
cypher,45
error,34
logging,34
xor,79
encryption,79
decimal,34
radix,34
conversion,34
random,67
number,67
generator,67
save,34
time,34
writing,34
microsoft,34
studio,68
11,34
paranthesis,34
checker,34
maximum,56
three,56
numbers,258
handle,45
exception,79
constructor,45
boosts,45
shared,45
ptr,45
craft,56
sample,45
basics,102
25,34
15,34
improvements,45
c++03,45
template,180
parameter,56
deduction,56
array,124
dimensions,56
explicit,56
instantiation,90
decorating,34
alternative,34
construction,34
methods,34
secrets,34
boost,34
revealed,34
checked,34
delete,68
c++0x,34
suffix,34
return,34
types,68
2008,34
2010,34
gotchas,34
map,135
obj,90
rounding,68
discussion,34
tree,34
searching,34
posts,34
getting,34
answer,34
ask,102
questions,102
itemized,34
threadrehash,34
moving,34
along,34
lines,34
deprecated,34
bloodshed,34
devc++,34
powerful,34
windowsvc++,34
cursor,34
choose,34
correct,34
section,34
post,68
bunch,34
tough,34
lovers,34
language,45
terrible,45
medium,45
games,79
cleaner,45
allocate,34
structure,34
possible,34
lowercase,34
alpha,34
distinguish,34
comparison,45
popular,45
compilers,79
ides,79
qxorm,34
persistence,34
orm,34
serialization,34
reflection,34
bison,34
tracking,34
printer,45
stream,45
stdiostream,34
top,23
porting,23
improving,45
type,79
safety,45
security,45
sequence,45
containers,45
advantages,56
disadvantages,56
performance,56
guidelines,56
pass,34
parameters,101
value,34
reference,34
alternate,34
getch,34
book,34
brilliant,34
things,34
clone,34
erasure,34
copy,34
constructors,34
assignment,102
operators,34
member,34
initialization,34
act,34
multidimentional,34
evil,79
unicode,34
friendly,34
masking,56
dll,45
symbols,45
pig,34
latin,34
xd,34
converting,101
smart,68
conditional,45
operator,45
lapack,34
parse,67
beginner,34
exercises,34
named,34
pipes,34
exchange,34
vista,68
interaction,34
services,34
applications,34
level,34
prefer,34
std,34
solutions,34
hand,34
written,34
copycats,34
headers,34
includes,34
clear,67
screen,67
get,68
ip,34
address,34
target,34
hostname,34
topic,34
multidimensional,34
keep,56
long,56
enough,56
see,56
programs,56
output,56
debuggers,34
jazz,34
bit,34
bitwise,34
cin,34
strtok,34
uses,34
double,34
conditionals,34
true,34
false,34
story,34
recusion,34
allocation,34
tired,34
shifting,34
bits,34
want,34
build,34
start,34
